PDB,Linkage,Glycan 1,Glycan 2,Phi,Psi,Linkage Type
1ax0,BMA-MAN,BMA-B-3,MAN-B-5,81.13196563720703,130.2083740234375,1-3
1ax1,BMA-MAN,BMA-B-3,MAN-B-5,81.0751953125,126.4996566772461,1-3
1axz,BMA-MAN,BMA-B-3,MAN-B-5,82.93244934082031,129.7710723876953,1-3
1b5f,BMA-MAN,BMA-E-3,MAN-E-4,72.81995391845703,113.25373077392578,1-3
1cf3,BMA-MAN,BMA-B-3,MAN-B-4,83.38516998291016,124.9821548461914,1-3
1cxp,BMA-MAN,BMA-F-3,MAN-F-4,75.85870361328125,94.59855651855469,1-3
1d5l,BMA-MAN,BMA-E-3,MAN-E-4,74.21459197998047,91.04220581054688,1-3
1d5l,BMA-MAN,BMA-F-3,MAN-F-4,73.95455932617188,92.7719497680664,1-3
1dnu,BMA-MAN,BMA-E-3,MAN-E-4,75.03978729248047,93.20382690429688,1-3
1dnu,BMA-MAN,BMA-F-3,MAN-F-4,69.84054565429688,91.53974914550781,1-3
1dp5,BMA-MAN,BMA-C-3,MAN-C-4,58.70668029785156,104.7430419921875,1-3
1dpj,BMA-MAN,BMA-C-3,MAN-C-4,61.307830810546875,103.42748260498047,1-3
1fx5,BMA-MAN,BMA-C-3,MAN-C-5,60.89086151123047,100.98689270019531,1-3
1g0v,BMA-MAN,BMA-C-3,MAN-C-4,61.20909881591797,105.3714828491211,1-3
1gal,BMA-MAN,BMA-B-3,MAN-B-4,82.55989837646484,115.25382995605469,1-3
1gpe,BMA-MAN,BMA-C-3,MAN-C-4,75.88033294677734,128.64324951171875,1-3
1gpe,BMA-MAN,BMA-E-3,MAN-E-4,75.09740447998047,128.5821075439453,1-3
1h3v,BMA-MAN,BMA-C-3,MAN-C-7,77.99771118164062,126.88629150390625,1-3
1ioo,BMA-MAN,BMA-D-3,MAN-D-4,95.47042846679688,97.14043426513672,1-3
1juh,BMA-MAN,BMA-E-3,MAN-E-4,73.33161926269531,135.70372009277344,1-3
1l6x,BMA-MAN,BMA-C-3,MAN-C-4,72.7255859375,138.00706481933594,1-3
1l7f,BMA-MAN,BMA-B-3,MAN-B-4,72.48464965820312,98.03524780273438,1-3
1l7g,BMA-MAN,BMA-B-3,MAN-B-4,73.25926971435547,97.6258316040039,1-3
1l7h,BMA-MAN,BMA-B-3,MAN-B-4,74.37175750732422,98.70000457763672,1-3
1nca,BMA-MAN,BMA-A-3,MAN-A-4,60.8240966796875,110.27299499511719,1-3
1ncb,BMA-MAN,BMA-A-3,MAN-A-4,64.27043151855469,105.23506927490234,1-3
1ncd,BMA-MAN,BMA-A-3,MAN-A-4,57.375450134277344,110.11567687988281,1-3
1nmc,BMA-MAN,BMA-D-3,MAN-D-4,67.4310302734375,94.53404235839844,1-3
1nmc,BMA-MAN,BMA-E-3,MAN-E-4,67.466064453125,94.554931640625,1-3
1nn2,BMA-MAN,BMA-D-3,MAN-D-4,62.931739807128906,105.17961120605469,1-3
1nxc,BMA-MAN,BMA-B-3,MAN-B-4,-81.13103485107422,-132.43887329101562,1-3
1o7d,BMA-MAN,BMA-F-3,MAN-F-8,67.89210510253906,143.59564208984375,1-3
1oqo,BMA-MAN,BMA-E-3,MAN-E-4,64.78609466552734,140.36024475097656,1-3
1oqx,BMA-MAN,BMA-F-3,MAN-F-4,83.63109588623047,151.2869415283203,1-3
1p8j,BMA-MAN,BMA-I-3,MAN-I-4,85.51253509521484,121.11859893798828,1-3
1q25,BMA-MAN,BMA-B-3,MAN-B-4,77.69080352783203,150.24456787109375,1-3
1qfx,BMA-MAN,BMA-C-3,MAN-C-4,66.89193725585938,129.44244384765625,1-3
1tg7,BMA-MAN,BMA-F-3,MAN-F-7,72.86132049560547,124.01509857177734,1-3
1xc6,BMA-MAN,BMA-F-3,MAN-F-7,75.15348815917969,112.05138397216797,1-3
2aep,BMA-MAN,BMA-B-3,MAN-B-4,65.14640045166016,100.53909301757812,1-3
2b5t,BMA-MAN,BMA-H-3,MAN-H-4,62.43634796142578,97.6246109008789,1-3
2b8h,BMA-MAN,BMA-F-3,MAN-F-4,66.30755615234375,105.15070343017578,1-3
2b8h,BMA-MAN,BMA-H-3,MAN-H-4,73.8677749633789,95.45026397705078,1-3
2b8h,BMA-MAN,BMA-J-3,MAN-J-4,64.4134521484375,114.46442413330078,1-3
2b8h,BMA-MAN,BMA-L-3,MAN-L-4,74.6625747680664,98.63325500488281,1-3
2c4a,BMA-MAN,BMA-B-3,MAN-B-4,81.16915893554688,109.38185119628906,1-3
2cij,BMA-MAN,BMA-E-3,MAN-E-4,76.44515991210938,113.8434829711914,1-3
2gh0,BMA-MAN,BMA-E-3,MAN-E-4,78.62511444091797,156.81292724609375,1-3
2hl6,BMA-MAN,BMA-C-3,MAN-C-4,79.52007293701172,149.29994201660156,1-3
2pvw,BMA-MAN,BMA-E-3,MAN-E-4,72.97653198242188,108.8323745727539,1-3
2vuo,BMA-MAN,BMA-C-3,MAN-C-7,85.8105697631836,125.01998901367188,1-3
2wbj,BMA-MAN,BMA-I-3,MAN-I-4,50.606361389160156,133.02503967285156,1-3
2x90,BMA-MAN,BMA-B-3,MAN-B-4,85.01707458496094,135.85995483398438,1-3
2xef,BMA-MAN,BMA-E-3,MAN-E-4,79.34184265136719,106.75091552734375,1-3
2xeg,BMA-MAN,BMA-E-3,MAN-E-4,77.07243347167969,111.23600769042969,1-3
2xei,BMA-MAN,BMA-E-3,MAN-E-4,75.8414306640625,104.52362060546875,1-3
2xej,BMA-MAN,BMA-E-3,MAN-E-4,76.35041046142578,106.65120697021484,1-3
2xqr,BMA-MAN,BMA-O-3,MAN-O-4,75.16476440429688,133.2766876220703,1-3
2xqr,BMA-MAN,BMA-S-3,MAN-S-4,85.66002655029297,124.89075469970703,1-3
2y7q,BMA-MAN,BMA-C-3,MAN-C-4,103.19507598876953,106.40677642822266,1-3
2yp1,BMA-MAN,BMA-M-3,MAN-M-4,81.71392059326172,145.51113891601562,1-3
3al8,BMA-MAN,BMA-E-3,MAN-E-7,82.46226501464844,139.13858032226562,1-3
3ave,BMA-MAN,BMA-C-3,MAN-C-4,76.72898864746094,130.35684204101562,1-3
3ave,BMA-MAN,BMA-D-3,MAN-D-4,73.0584716796875,133.89169311523438,1-3
3ay4,BMA-MAN,BMA-D-3,MAN-D-7,68.73593139648438,120.94725799560547,1-3
3ay4,BMA-MAN,BMA-E-3,MAN-E-7,74.52863311767578,116.45016479492188,1-3
3bhx,BMA-MAN,BMA-E-3,MAN-E-4,76.4588394165039,105.71049499511719,1-3
3bi0,BMA-MAN,BMA-E-3,MAN-E-4,72.44042205810547,106.46595764160156,1-3
3bi1,BMA-MAN,BMA-D-3,MAN-D-4,73.69189453125,106.96378326416016,1-3
3c2s,BMA-MAN,BMA-B-3,MAN-B-7,103.53223419189453,146.759521484375,1-3
3csy,BMA-MAN,BMA-R-3,MAN-R-4,77.10314178466797,131.8919219970703,1-3
3csy,BMA-MAN,BMA-T-3,MAN-T-4,58.33749008178711,113.77621459960938,1-3
3d6g,BMA-MAN,BMA-C-3,MAN-C-4,72.6100845336914,136.78172302246094,1-3
3d7d,BMA-MAN,BMA-E-3,MAN-E-4,73.73139953613281,108.59723663330078,1-3
3d7f,BMA-MAN,BMA-E-3,MAN-E-4,77.02745056152344,107.74825286865234,1-3
3do3,BMA-MAN,BMA-C-3,MAN-C-7,86.955078125,121.62857818603516,1-3
3fus,BMA-MAN,BMA-J-3,MAN-J-4,87.16606903076172,128.9984893798828,1-3
3gwj,BMA-MAN,BMA-G-3,MAN-G-4,79.80812072753906,157.66981506347656,1-3
3gwj,BMA-MAN,BMA-I-3,MAN-I-4,78.27987670898438,155.75341796875,1-3
3gwj,BMA-MAN,BMA-K-3,MAN-K-4,77.83661651611328,153.92404174804688,1-3
3gwj,BMA-MAN,BMA-M-3,MAN-M-4,78.8768310546875,156.18197631835938,1-3
3gwj,BMA-MAN,BMA-O-3,MAN-O-4,81.23302459716797,153.19090270996094,1-3
3gwj,BMA-MAN,BMA-Q-3,MAN-Q-4,83.45948791503906,152.36383056640625,1-3
3h53,BMA-MAN,BMA-F-3,MAN-F-4,149.5084686279297,156.05291748046875,1-3
3hn3,BMA-MAN,BMA-H-3,MAN-H-4,70.39601135253906,104.07295227050781,1-3
3nn9,BMA-MAN,BMA-B-3,MAN-B-4,63.09728240966797,104.50863647460938,1-3
3og2,BMA-MAN,BMA-B-3,MAN-B-7,81.84751892089844,113.4410400390625,1-3
3og2,BMA-MAN,BMA-C-3,MAN-C-4,80.87781524658203,158.3674774169922,1-3
3ogv,BMA-MAN,BMA-B-3,MAN-B-7,75.11339569091797,120.22746276855469,1-3
3ogv,BMA-MAN,BMA-C-3,MAN-C-4,79.86544036865234,150.7408447265625,1-3
3pfx,BMA-MAN,BMA-B-3,MAN-B-4,71.56787872314453,144.59552001953125,1-3
3pgb,BMA-MAN,BMA-B-3,MAN-B-4,60.96171951293945,93.20636749267578,1-3
3pps,BMA-MAN,BMA-F-3,MAN-F-4,89.78346252441406,107.52579498291016,1-3
3pps,BMA-MAN,BMA-I-3,MAN-I-4,76.51667785644531,129.18792724609375,1-3
3qem,BMA-MAN,BMA-E-3,MAN-E-4,72.88397216796875,114.22942352294922,1-3
3qvp,BMA-MAN,BMA-B-3,MAN-B-4,74.16433715820312,112.34548950195312,1-3
3qvr,BMA-MAN,BMA-B-3,MAN-B-4,79.8551254272461,133.7605743408203,1-3
3rbu,BMA-MAN,BMA-E-3,MAN-E-4,78.4043197631836,107.41639709472656,1-3
3rj0,BMA-MAN,BMA-B-3,MAN-B-4,99.8862533569336,128.42271423339844,1-3
3sdy,BMA-MAN,BMA-D-3,MAN-D-4,73.25304412841797,128.13929748535156,1-3
3sgj,BMA-MAN,BMA-D-3,MAN-D-4,70.8123779296875,122.1573486328125,1-3
3sgk,BMA-MAN,BMA-D-3,MAN-D-4,87.10169219970703,118.38186645507812,1-3
3sjf,BMA-MAN,BMA-E-3,MAN-E-4,78.62239837646484,104.29170989990234,1-3
3ti4,BMA-MAN,BMA-C-3,MAN-C-4,83.72584533691406,105.74185943603516,1-3
3ti6,BMA-MAN,BMA-C-3,MAN-C-4,83.76676177978516,103.9281997680664,1-3
3tib,BMA-MAN,BMA-F-3,MAN-F-4,63.851253509521484,104.45565032958984,1-3
3tib,BMA-MAN,BMA-H-3,MAN-H-4,64.86060333251953,100.10674285888672,1-3
3tib,BMA-MAN,BMA-J-3,MAN-J-4,67.5672836303711,101.64346313476562,1-3
3tib,BMA-MAN,BMA-L-3,MAN-L-4,69.25653076171875,101.94267272949219,1-3
3tic,BMA-MAN,BMA-F-3,MAN-F-4,63.646976470947266,105.35449981689453,1-3
3tic,BMA-MAN,BMA-G-3,MAN-G-4,64.33953094482422,105.7247314453125,1-3
3tic,BMA-MAN,BMA-I-3,MAN-I-4,65.22369384765625,104.09736633300781,1-3
3tic,BMA-MAN,BMA-K-3,MAN-K-4,66.30513763427734,103.06425476074219,1-3
3tyg,BMA-MAN,BMA-B-3,MAN-B-4,80.8832015991211,100.4846420288086,1-3
3u2s,BMA-MAN,BMA-D-3,MAN-D-7,78.39189147949219,129.75572204589844,1-3
3vi3,BMA-MAN,BMA-G-3,MAN-G-6,112.11068725585938,151.9666748046875,1-3
3vi3,BMA-MAN,BMA-K-3,MAN-K-6,101.6207504272461,152.20611572265625,1-3
3vi4,BMA-MAN,BMA-K-3,MAN-K-6,109.44412231445312,156.65640258789062,1-3
3vi4,BMA-MAN,BMA-N-3,MAN-N-6,104.82820129394531,164.07095336914062,1-3
3vun,BMA-MAN,BMA-G-3,MAN-G-7,94.23749542236328,125.04879760742188,1-3
3vun,BMA-MAN,BMA-J-3,MAN-J-7,87.97850036621094,129.1241455078125,1-3
3vun,BMA-MAN,BMA-M-3,MAN-M-7,95.44824981689453,121.76668548583984,1-3
3w09,BMA-MAN,BMA-B-3,MAN-B-4,61.662960052490234,105.23552703857422,1-3
3w3l,BMA-MAN,BMA-E-3,MAN-E-4,75.03910827636719,115.07882690429688,1-3
3w3m,BMA-MAN,BMA-B-3,MAN-B-4,81.01280975341797,100.34288787841797,1-3
3w3m,BMA-MAN,BMA-D-3,MAN-D-4,92.88963317871094,98.08858489990234,1-3
3w81,BMA-MAN,BMA-E-3,MAN-E-8,89.66219329833984,143.5741729736328,1-3
3w82,BMA-MAN,BMA-C-3,MAN-C-9,68.50801849365234,122.35722351074219,1-3
3wax,BMA-MAN,BMA-C-3,MAN-C-7,130.5904083251953,161.96018981933594,1-3
3wjj,BMA-MAN,BMA-D-3,MAN-D-7,81.39254760742188,144.61505126953125,1-3
3wjj,BMA-MAN,BMA-E-3,MAN-E-7,85.79142761230469,140.85862731933594,1-3
3wjl,BMA-MAN,BMA-D-3,MAN-D-7,85.64690399169922,147.05735778808594,1-3
3wkn,BMA-MAN,BMA-Q-3,MAN-Q-7,104.37598419189453,113.53115844726562,1-3
3wkn,BMA-MAN,BMA-S-3,MAN-S-7,77.38729858398438,123.7664794921875,1-3
3wkn,BMA-MAN,BMA-T-3,MAN-T-7,82.51898193359375,137.06564331054688,1-3
3wkn,BMA-MAN,BMA-U-3,MAN-U-7,78.36312866210938,129.06631469726562,1-3
3wkn,BMA-MAN,BMA-W-3,MAN-W-7,64.71526336669922,148.62063598632812,1-3
3wn4,BMA-MAN,BMA-B-3,MAN-B-4,78.39124298095703,109.26974487304688,1-3
3wn5,BMA-MAN,BMA-G-3,MAN-G-7,80.09010314941406,139.64749145507812,1-3
3wn5,BMA-MAN,BMA-H-3,MAN-H-7,71.67584228515625,137.7783203125,1-3
3wn5,BMA-MAN,BMA-K-3,MAN-K-4,85.99810028076172,145.1558380126953,1-3
3wn5,BMA-MAN,BMA-L-3,MAN-L-7,76.69799041748047,135.84632873535156,1-3
3x1b,BMA-MAN,BMA-E-3,MAN-E-6,70.62174224853516,120.3983383178711,1-3
3ze2,BMA-MAN,BMA-G-3,MAN-G-6,85.8165512084961,138.16896057128906,1-3
3zqz,BMA-MAN,BMA-B-3,MAN-B-4,91.9405288696289,137.76016235351562,1-3
3zyr,BMA-MAN,BMA-C-3,MAN-C-4,70.34103393554688,126.5174331665039,1-3
4a5g,BMA-MAN,BMA-C-3,MAN-C-5,61.27854919433594,120.23117065429688,1-3
4aa1,BMA-MAN,BMA-B-3,MAN-B-4,86.32626342773438,139.18324279785156,1-3
4aa2,BMA-MAN,BMA-B-3,MAN-B-4,88.31532287597656,132.21066284179688,1-3
4adf,BMA-MAN,BMA-Z-3,MAN-Z-7,-152.76226806640625,-89.1122055053711,1-3
4adf,BMA-MAN,BMA-g-3,MAN-g-4,85.80477142333984,31.635761260986328,1-3
4asq,BMA-MAN,BMA-B-3,MAN-B-4,84.82259368896484,134.05294799804688,1-3
4bv4,BMA-MAN,BMA-A-3,MAN-A-4,65.67732238769531,86.7419662475586,1-3
4bv4,BMA-MAN,BMA-A-6,MAN-A-7,83.17948150634766,138.05711364746094,1-3
4byh,BMA-MAN,BMA-C-3,MAN-C-8,72.50459289550781,111.61662292480469,1-3
4byh,BMA-MAN,BMA-D-3,MAN-D-4,70.76483154296875,128.654052734375,1-3
4c54,BMA-MAN,BMA-C-3,MAN-C-4,78.43284606933594,117.77580261230469,1-3
4c54,BMA-MAN,BMA-D-3,MAN-D-4,80.41610717773438,119.75886535644531,1-3
4c55,BMA-MAN,BMA-C-3,MAN-C-7,78.27478790283203,129.39480590820312,1-3
4c7l,BMA-MAN,BMA-J-3,MAN-J-7,74.11133575439453,132.69546508789062,1-3
4c7w,BMA-MAN,BMA-J-3,MAN-J-7,74.90946197509766,128.74501037597656,1-3
4ca7,BMA-MAN,BMA-B-3,MAN-B-4,87.01439666748047,137.5500030517578,1-3
4cdh,BMA-MAN,BMA-C-3,MAN-C-4,69.16300201416016,130.49252319335938,1-3
4cvu,BMA-MAN,BMA-C-3,MAN-C-7,98.80314636230469,170.6899871826172,1-3
4cvu,BMA-MAN,BMA-E-3,MAN-E-4,70.22188568115234,131.44766235351562,1-3
4cvu,BMA-MAN,BMA-D-3,MAN-D-4,75.76453399658203,144.86740112304688,1-3
4cxv,BMA-MAN,BMA-C-3,MAN-C-4,57.97416687011719,123.81705474853516,1-3
4dgr,BMA-MAN,BMA-B-3,MAN-B-4,69.15570068359375,102.1320571899414,1-3
4dl1,BMA-MAN,BMA-Q-3,MAN-Q-4,79.41062927246094,98.1515121459961,1-3
4dl1,BMA-MAN,BMA-S-3,MAN-S-4,76.98367309570312,93.18524169921875,1-3
4dl1,BMA-MAN,BMA-U-3,MAN-U-4,92.94381713867188,92.87089538574219,1-3
4dl1,BMA-MAN,BMA-V-3,MAN-V-4,60.217105865478516,96.51058959960938,1-3
4dl1,BMA-MAN,BMA-W-3,MAN-W-4,82.03136444091797,93.4583740234375,1-3
4do4,BMA-MAN,BMA-F-3,MAN-F-4,145.2259521484375,170.85304260253906,1-3
4dqo,BMA-MAN,BMA-B-3,MAN-B-4,72.1130142211914,133.5685272216797,1-3
4dvl,BMA-MAN,BMA-F-3,MAN-F-4,94.47264099121094,113.60875701904297,1-3
4dw4,BMA-MAN,BMA-G-3,MAN-G-4,90.760986328125,105.78512573242188,1-3
4dz8,BMA-MAN,BMA-C-3,MAN-C-4,77.36639404296875,125.65361022949219,1-3
4ec3,BMA-MAN,BMA-B-3,MAN-B-4,86.35203552246094,133.68418884277344,1-3
4f7b,BMA-MAN,BMA-T-3,MAN-T-4,86.8797378540039,136.9134979248047,1-3
4f7b,BMA-MAN,BMA-d-3,MAN-d-4,85.44274139404297,134.5098114013672,1-3
4fqc,BMA-MAN,BMA-A-3,MAN-A-4,68.07268524169922,150.63710021972656,1-3
4g1m,BMA-MAN,BMA-E-3,MAN-E-4,85.90913391113281,146.0262451171875,1-3
4gms,BMA-MAN,BMA-V-3,MAN-V-4,94.89124298095703,129.37896728515625,1-3
4gos,BMA-MAN,BMA-B-3,MAN-B-4,74.24063873291016,118.24822998046875,1-3
4gtw,BMA-MAN,BMA-C-3,MAN-C-6,113.65380859375,162.04501342773438,1-3
4gty,BMA-MAN,BMA-C-3,MAN-C-6,105.58574676513672,152.96006774902344,1-3
4gwm,BMA-MAN,BMA-F-3,MAN-F-9,110.59757995605469,155.96070861816406,1-3
4gwm,BMA-MAN,BMA-K-3,MAN-K-9,107.65784454345703,150.7258758544922,1-3
4gwn,BMA-MAN,BMA-D-3,MAN-D-9,91.51634979248047,134.07318115234375,1-3
4h52,BMA-MAN,BMA-D-3,MAN-D-4,64.57880401611328,106.39974212646484,1-3
4h52,BMA-MAN,BMA-F-3,MAN-F-4,67.70346069335938,103.4449691772461,1-3
4h53,BMA-MAN,BMA-E-3,MAN-E-7,69.88282775878906,102.47378540039062,1-3
4h53,BMA-MAN,BMA-G-3,MAN-G-4,75.66512298583984,138.74551391601562,1-3
4h53,BMA-MAN,BMA-H-3,MAN-H-4,66.22538757324219,105.01912689208984,1-3
4h53,BMA-MAN,BMA-K-3,MAN-K-4,65.80774688720703,103.04057312011719,1-3
4h53,BMA-MAN,BMA-N-3,MAN-N-6,65.65753173828125,105.98912048339844,1-3
4haf,BMA-MAN,BMA-C-3,MAN-C-4,72.48456573486328,145.09315490722656,1-3
4hq1,BMA-MAN,BMA-B-3,MAN-B-4,80.1110610961914,125.32208251953125,1-3
4iib,BMA-MAN,BMA-F-3,MAN-F-9,76.84376525878906,98.90255737304688,1-3
4iib,BMA-MAN,BMA-J-3,MAN-J-4,85.25984191894531,148.42739868164062,1-3
4iib,BMA-MAN,BMA-L-3,MAN-L-9,82.87264251708984,100.1458969116211,1-3
4iic,BMA-MAN,BMA-F-3,MAN-F-9,77.25965881347656,100.8450698852539,1-3
4iic,BMA-MAN,BMA-J-3,MAN-J-4,78.07830047607422,144.16204833984375,1-3
4iic,BMA-MAN,BMA-M-3,MAN-M-9,74.0221176147461,100.13616180419922,1-3
4iid,BMA-MAN,BMA-F-3,MAN-F-9,85.30070495605469,90.84612274169922,1-3
4iid,BMA-MAN,BMA-J-3,MAN-J-4,82.16429901123047,143.48495483398438,1-3
4iid,BMA-MAN,BMA-M-3,MAN-M-9,76.84720611572266,92.3266372680664,1-3
4iie,BMA-MAN,BMA-F-3,MAN-F-9,86.80382537841797,93.19359588623047,1-3
4iie,BMA-MAN,BMA-J-3,MAN-J-4,76.96977233886719,140.7468719482422,1-3
4iie,BMA-MAN,BMA-M-3,MAN-M-9,74.9103775024414,97.94740295410156,1-3
4iif,BMA-MAN,BMA-F-3,MAN-F-9,87.85987854003906,85.482666015625,1-3
4iif,BMA-MAN,BMA-J-3,MAN-J-4,83.41828918457031,148.58102416992188,1-3
4iif,BMA-MAN,BMA-M-3,MAN-M-9,69.40251159667969,101.29438781738281,1-3
4iig,BMA-MAN,BMA-F-3,MAN-F-9,83.61972045898438,91.32109832763672,1-3
4iig,BMA-MAN,BMA-J-3,MAN-J-4,83.88544464111328,137.21783447265625,1-3
4iig,BMA-MAN,BMA-M-3,MAN-M-9,73.09532165527344,98.0418701171875,1-3
4iih,BMA-MAN,BMA-F-3,MAN-F-9,83.84651184082031,95.81352233886719,1-3
4iih,BMA-MAN,BMA-J-3,MAN-J-4,78.60389709472656,153.25018310546875,1-3
4iih,BMA-MAN,BMA-M-3,MAN-M-9,78.62750244140625,101.01344299316406,1-3
4iug,BMA-MAN,BMA-B-3,MAN-B-4,54.816558837890625,95.23214721679688,1-3
4iug,BMA-MAN,BMA-F-3,MAN-F-4,91.69027709960938,148.9585418701172,1-3
4jm2,BMA-MAN,BMA-G-3,MAN-G-4,65.54441833496094,132.2288360595703,1-3
4jm2,BMA-MAN,BMA-H-3,MAN-H-4,73.20169830322266,89.45402526855469,1-3
4js1,BMA-MAN,BMA-B-3,MAN-B-4,74.412109375,115.91943359375,1-3
4js2,BMA-MAN,BMA-B-3,MAN-B-4,68.03934478759766,117.4554443359375,1-3
4jy4,BMA-MAN,BMA-C-3,MAN-C-4,72.82534790039062,143.80593872070312,1-3
4jyw,BMA-MAN,BMA-F-3,MAN-F-4,75.0244369506836,105.00431060791016,1-3
4k1h,BMA-MAN,BMA-D-3,MAN-D-4,65.24958801269531,106.52002716064453,1-3
4k1h,BMA-MAN,BMA-F-3,MAN-F-4,62.70164489746094,105.51580810546875,1-3
4k1i,BMA-MAN,BMA-C-3,MAN-C-4,32.476097106933594,121.60507202148438,1-3
4k1i,BMA-MAN,BMA-D-3,MAN-D-4,26.678909301757812,125.09383392333984,1-3
4k1j,BMA-MAN,BMA-D-3,MAN-D-4,62.421791076660156,102.66098022460938,1-3
4k1j,BMA-MAN,BMA-F-3,MAN-F-4,65.35814666748047,100.7782974243164,1-3
4k1k,BMA-MAN,BMA-D-3,MAN-D-4,63.24347686767578,105.39515686035156,1-3
4k1k,BMA-MAN,BMA-F-3,MAN-F-4,63.27882385253906,106.70509338378906,1-3
4k3x,BMA-MAN,BMA-H-3,MAN-H-4,82.23621368408203,155.02284240722656,1-3
4kgj,BMA-MAN,BMA-F-3,MAN-F-8,77.38011932373047,130.46287536621094,1-3
4kh2,BMA-MAN,BMA-F-3,MAN-F-8,79.58642578125,134.72669982910156,1-3
4ku1,BMA-MAN,BMA-D-3,MAN-D-7,75.36164093017578,135.83828735351562,1-3
4lqg,BMA-MAN,BMA-F-3,MAN-F-4,75.86312103271484,102.05840301513672,1-3
4mcq,BMA-MAN,BMA-E-3,MAN-E-4,76.55098724365234,110.0897445678711,1-3
4mcr,BMA-MAN,BMA-E-3,MAN-E-4,71.2502670288086,111.94437408447266,1-3
4mj2,BMA-MAN,BMA-F-3,MAN-F-4,74.20519256591797,129.49420166015625,1-3
4mmy,BMA-MAN,BMA-F-3,MAN-F-6,98.34976196289062,158.56854248046875,1-3
4mmz,BMA-MAN,BMA-E-3,MAN-E-6,132.60704040527344,168.04693603515625,1-3
4mwf,BMA-MAN,BMA-E-3,MAN-E-4,104.73272705078125,70.33786010742188,1-3
4mwj,BMA-MAN,BMA-B-3,MAN-B-4,68.9507064819336,101.37812805175781,1-3
4mwl,BMA-MAN,BMA-B-3,MAN-B-4,69.20718383789062,100.53195190429688,1-3
4mwq,BMA-MAN,BMA-B-3,MAN-B-4,69.19670867919922,101.32484436035156,1-3
4mwr,BMA-MAN,BMA-B-3,MAN-B-4,71.43508911132812,100.66336059570312,1-3
4mwu,BMA-MAN,BMA-B-3,MAN-B-4,69.19591522216797,102.88555908203125,1-3
4mwv,BMA-MAN,BMA-B-3,MAN-B-4,67.90473175048828,100.5951919555664,1-3
4mww,BMA-MAN,BMA-B-3,MAN-B-4,69.22531127929688,102.27822875976562,1-3
4mwx,BMA-MAN,BMA-B-3,MAN-B-4,69.534912109375,101.72433471679688,1-3
4mwy,BMA-MAN,BMA-B-3,MAN-B-4,70.74134063720703,100.9089584350586,1-3
4mx0,BMA-MAN,BMA-B-3,MAN-B-4,65.29146575927734,103.1407699584961,1-3
4nco,BMA-MAN,BMA-a-3,MAN-a-7,73.123291015625,123.4848861694336,1-3
4neh,BMA-MAN,BMA-E-3,MAN-E-4,70.38252258300781,141.77130126953125,1-3
4ngq,BMA-MAN,BMA-F-3,MAN-F-4,62.45777893066406,102.59708404541016,1-3
4ngr,BMA-MAN,BMA-E-3,MAN-E-4,72.54463195800781,101.99861145019531,1-3
4ni3,BMA-MAN,BMA-C-3,MAN-C-4,71.83753204345703,122.46691131591797,1-3
4ni3,BMA-MAN,BMA-D-3,MAN-D-4,71.35513305664062,117.38227081298828,1-3
4o02,BMA-MAN,BMA-E-3,MAN-E-6,107.4229965209961,-178.59742736816406,1-3
4o5i,BMA-MAN,BMA-e-3,MAN-e-4,76.68318176269531,132.14730834960938,1-3
4o5i,BMA-MAN,BMA-g-3,MAN-g-4,75.15396118164062,130.94235229492188,1-3
4o5i,BMA-MAN,BMA-m-3,MAN-m-4,74.66252136230469,133.213134765625,1-3
4o5i,BMA-MAN,BMA-n-3,MAN-n-4,82.52482604980469,128.6227569580078,1-3
4obr,BMA-MAN,BMA-F-3,MAN-F-8,68.6551513671875,127.68631744384766,1-3
4oc0,BMA-MAN,BMA-E-3,MAN-E-4,74.98851013183594,109.68977355957031,1-3
4oc1,BMA-MAN,BMA-E-3,MAN-E-4,75.37682342529297,108.36968231201172,1-3
4oc2,BMA-MAN,BMA-F-3,MAN-F-4,75.51947784423828,109.54792785644531,1-3
4oc3,BMA-MAN,BMA-E-3,MAN-E-4,73.01727294921875,106.13459777832031,1-3
4oc4,BMA-MAN,BMA-E-3,MAN-E-4,75.77220153808594,106.35112762451172,1-3
4ome,BMA-MAN,BMA-E-3,MAN-E-4,76.267333984375,102.873291015625,1-3
4p44,BMA-MAN,BMA-E-3,MAN-E-4,76.25838470458984,106.29658508300781,1-3
4p45,BMA-MAN,BMA-F-3,MAN-F-4,75.49684143066406,105.34878540039062,1-3
4p4b,BMA-MAN,BMA-F-3,MAN-F-4,75.79942321777344,105.15637969970703,1-3
4p4d,BMA-MAN,BMA-F-3,MAN-F-4,77.26134490966797,107.65058898925781,1-3
4p4e,BMA-MAN,BMA-F-3,MAN-F-4,75.58065795898438,108.37146759033203,1-3
4p4i,BMA-MAN,BMA-E-3,MAN-E-4,75.24347686767578,104.69026947021484,1-3
4psp,BMA-MAN,BMA-C-3,MAN-C-4,69.94949340820312,121.52473449707031,1-3
4psp,BMA-MAN,BMA-D-3,MAN-D-4,67.1459732055664,119.51412200927734,1-3
4psr,BMA-MAN,BMA-C-3,MAN-C-4,71.57749938964844,121.82544708251953,1-3
4q4b,BMA-MAN,BMA-F-3,MAN-F-4,68.96048736572266,137.55833435058594,1-3
4q4f,BMA-MAN,BMA-C-3,MAN-C-6,66.30714416503906,127.76927947998047,1-3
4q7d,BMA-MAN,BMA-D-3,MAN-D-4,73.0766372680664,133.922119140625,1-3
4qww,BMA-MAN,BMA-H-3,MAN-H-4,73.7708740234375,138.09100341796875,1-3
4qww,BMA-MAN,BMA-J-3,MAN-J-4,73.85880279541016,136.0762176513672,1-3
4r2g,BMA-MAN,BMA-G-3,MAN-G-4,87.70831298828125,92.29930877685547,1-3
4r2g,BMA-MAN,BMA-R-3,MAN-R-4,87.43466186523438,107.87565612792969,1-3
4r2g,BMA-MAN,BMA-S-3,MAN-S-4,88.35502624511719,86.81121063232422,1-3
4r2g,BMA-MAN,BMA-V-3,MAN-V-4,87.40483856201172,107.88691711425781,1-3
4r6a,BMA-MAN,BMA-C-3,MAN-C-4,71.7248306274414,107.45623779296875,1-3
4tvp,BMA-MAN,BMA-A-3,MAN-A-7,56.49082565307617,116.20053100585938,1-3
4tvp,BMA-MAN,BMA-T-3,MAN-T-4,61.499176025390625,99.40200805664062,1-3
4tvz,BMA-MAN,BMA-K-3,MAN-K-9,79.03553771972656,136.83811950683594,1-3
4um8,BMA-MAN,BMA-M-3,MAN-M-6,126.7633285522461,175.24147033691406,1-3
4um9,BMA-MAN,BMA-N-3,MAN-N-6,108.76490783691406,174.84739685058594,1-3
4uo0,BMA-MAN,BMA-S-3,MAN-S-4,79.15768432617188,146.90989685058594,1-3
4uo3,BMA-MAN,BMA-I-3,MAN-I-4,85.85321044921875,147.75579833984375,1-3
4uoj,BMA-MAN,BMA-C-3,MAN-C-4,77.13513946533203,146.56253051757812,1-3
4uoj,BMA-MAN,BMA-J-3,MAN-J-4,78.85308837890625,145.31167602539062,1-3
4uta,BMA-MAN,BMA-D-3,MAN-D-4,51.71957015991211,135.811279296875,1-3
4w4n,BMA-MAN,BMA-C-3,MAN-C-4,72.14053344726562,129.93185424804688,1-3
4w4n,BMA-MAN,BMA-D-3,MAN-D-4,87.72380065917969,120.77005767822266,1-3
4w4o,BMA-MAN,BMA-D-3,MAN-D-7,81.00009155273438,136.09970092773438,1-3
4w4o,BMA-MAN,BMA-E-3,MAN-E-7,74.4597396850586,132.49481201171875,1-3
4weg,BMA-MAN,BMA-B-3,MAN-B-4,63.71219253540039,99.13111114501953,1-3
4wi2,BMA-MAN,BMA-C-3,MAN-C-4,77.1353759765625,130.12225341796875,1-3
4wi2,BMA-MAN,BMA-D-3,MAN-D-4,73.330810546875,118.70744323730469,1-3
4wi3,BMA-MAN,BMA-C-3,MAN-C-4,72.73738098144531,134.08905029296875,1-3
4wi3,BMA-MAN,BMA-D-3,MAN-D-4,67.35015106201172,124.1991195678711,1-3
4wi6,BMA-MAN,BMA-D-3,MAN-D-4,77.72949981689453,132.8516845703125,1-3
4wi7,BMA-MAN,BMA-D-3,MAN-D-4,77.1107177734375,129.62440490722656,1-3
4wi8,BMA-MAN,BMA-C-3,MAN-C-4,81.53739929199219,137.98291015625,1-3
4x3r,BMA-MAN,BMA-F-3,MAN-F-4,74.8599624633789,103.48587036132812,1-3
4x99,BMA-MAN,BMA-C-3,MAN-C-4,95.17160034179688,110.97624206542969,1-3
4xhq,BMA-MAN,BMA-C-3,MAN-C-4,59.886043548583984,115.10631561279297,1-3
4z7o,BMA-MAN,BMA-J-3,MAN-J-4,86.89070892333984,136.51768493652344,1-3
5a7m,BMA-MAN,BMA-C-3,MAN-C-4,64.06326293945312,118.63371276855469,1-3
5a7m,BMA-MAN,BMA-I-3,MAN-I-4,82.51277160644531,123.44567108154297,1-3
5ann,BMA-MAN,BMA-D-3,MAN-D-4,66.99354553222656,115.20814514160156,1-3
5ann,BMA-MAN,BMA-G-3,MAN-G-4,68.15707397460938,118.72091674804688,1-3
5aog,BMA-MAN,BMA-C-3,MAN-C-5,68.09497833251953,115.35673522949219,1-3
5awa,BMA-MAN,BMA-B-3,MAN-B-4,72.55730438232422,93.03487396240234,1-3
5awb,BMA-MAN,BMA-B-3,MAN-B-4,73.56919860839844,110.67221069335938,1-3
5awd,BMA-MAN,BMA-B-3,MAN-B-4,75.56079864501953,104.756103515625,1-3
5bk3,BMA-MAN,BMA-K-3,MAN-K-4,106.56877136230469,153.74058532714844,1-3
5bw7,BMA-MAN,BMA-D-3,MAN-D-7,76.60376739501953,110.79316711425781,1-3
5bw7,BMA-MAN,BMA-E-3,MAN-E-4,75.76705932617188,117.71810913085938,1-3
5cez,BMA-MAN,BMA-P-3,MAN-P-6,56.51003646850586,116.19117736816406,1-3
5cez,BMA-MAN,BMA-Q-3,MAN-Q-4,88.32689666748047,86.62083435058594,1-3
5cjx,BMA-MAN,BMA-F-3,MAN-F-4,83.47260284423828,98.06565856933594,1-3
5cjx,BMA-MAN,BMA-N-3,MAN-N-4,96.20601654052734,136.98858642578125,1-3
5cjx,BMA-MAN,BMA-O-3,MAN-O-4,86.39785766601562,96.544921875,1-3
5cjx,BMA-MAN,BMA-S-3,MAN-S-4,91.69754028320312,131.27696228027344,1-3
5cjx,BMA-MAN,BMA-Z-3,MAN-Z-4,96.17103576660156,136.97622680664062,1-3
5cjx,BMA-MAN,BMA-b-3,MAN-b-4,84.0193099975586,97.22224426269531,1-3
5dj0,BMA-MAN,BMA-E-3,MAN-E-7,96.91928100585938,112.0496597290039,1-3
5dj2,BMA-MAN,BMA-D-3,MAN-D-7,89.27037048339844,122.76660919189453,1-3
5dj2,BMA-MAN,BMA-E-3,MAN-E-7,89.80876922607422,118.43595123291016,1-3
5dj6,BMA-MAN,BMA-D-3,MAN-D-7,88.7531967163086,125.595703125,1-3
5dj6,BMA-MAN,BMA-E-3,MAN-E-7,88.02421569824219,122.90825653076172,1-3
5dj8,BMA-MAN,BMA-D-3,MAN-D-7,92.26313781738281,127.41627502441406,1-3
5djc,BMA-MAN,BMA-G-3,MAN-G-7,81.20579528808594,122.65486907958984,1-3
5djc,BMA-MAN,BMA-I-3,MAN-I-7,83.5704574584961,117.79241943359375,1-3
5djx,BMA-MAN,BMA-G-3,MAN-G-7,77.55502319335938,124.45743560791016,1-3
5djx,BMA-MAN,BMA-I-3,MAN-I-7,78.5365219116211,119.59175109863281,1-3
5djx,BMA-MAN,BMA-J-3,MAN-J-7,120.23124694824219,125.92173767089844,1-3
5djy,BMA-MAN,BMA-E-3,MAN-E-7,87.84859466552734,111.11726379394531,1-3
5dk2,BMA-MAN,BMA-F-3,MAN-F-7,71.81304168701172,128.16468811035156,1-3
5dk3,BMA-MAN,BMA-C-3,MAN-C-4,79.10543823242188,151.0469970703125,1-3
5dlv,BMA-MAN,BMA-C-3,MAN-C-9,77.75469970703125,137.05313110351562,1-3
5e5w,BMA-MAN,BMA-F-3,MAN-F-4,20.634971618652344,133.47476196289062,1-3
5e62,BMA-MAN,BMA-F-3,MAN-F-4,11.88868522644043,139.75811767578125,1-3
5e64,BMA-MAN,BMA-F-3,MAN-F-4,23.30434799194336,141.06350708007812,1-3
5e65,BMA-MAN,BMA-F-3,MAN-F-4,4.489546298980713,132.70896911621094,1-3
5es4,BMA-MAN,BMA-J-3,MAN-J-4,88.63980865478516,148.31834411621094,1-3
5esv,BMA-MAN,BMA-K-3,MAN-K-7,85.20111083984375,145.3564453125,1-3
5esv,BMA-MAN,BMA-P-3,MAN-P-7,83.02124786376953,135.99813842773438,1-3
5esz,BMA-MAN,BMA-K-3,MAN-K-4,135.42845153808594,63.705509185791016,1-3
5ewj,BMA-MAN,BMA-E-3,MAN-E-4,65.51410675048828,121.93367004394531,1-3
5ewl,BMA-MAN,BMA-E-3,MAN-E-4,67.43507385253906,129.43592834472656,1-3
5ewm,BMA-MAN,BMA-E-3,MAN-E-4,70.93083953857422,125.2242660522461,1-3
5ezi,BMA-MAN,BMA-A-3,MAN-A-4,64.57120513916016,125.13745880126953,1-3
5fec,BMA-MAN,BMA-J-3,MAN-J-4,98.52589416503906,120.23211669921875,1-3
5ffg,BMA-MAN,BMA-E-3,MAN-E-6,74.62229919433594,148.03030395507812,1-3
5fiw,BMA-MAN,BMA-E-3,MAN-E-4,148.35812377929688,139.70445251464844,1-3
5fiw,BMA-MAN,BMA-F-3,MAN-F-4,176.7761993408203,-151.3560333251953,1-3
5fix,BMA-MAN,BMA-G-3,MAN-G-4,71.20660400390625,111.2830810546875,1-3
5fji,BMA-MAN,BMA-D-3,MAN-D-4,73.4039535522461,141.82965087890625,1-3
5fji,BMA-MAN,BMA-F-3,MAN-F-4,109.32376098632812,97.06902313232422,1-3
5fji,BMA-MAN,BMA-H-3,MAN-H-8,91.37798309326172,143.6419219970703,1-3
5fji,BMA-MAN,BMA-J-3,MAN-J-7,73.82367706298828,136.6559295654297,1-3
5fji,BMA-MAN,BMA-M-3,MAN-M-4,106.9215087890625,100.1208724975586,1-3
5fji,BMA-MAN,BMA-O-3,MAN-O-8,90.31986236572266,148.51255798339844,1-3
5fjj,BMA-MAN,BMA-H-3,MAN-H-4,102.86038970947266,108.33214569091797,1-3
5fjj,BMA-MAN,BMA-V-3,MAN-V-4,80.2242202758789,136.56007385253906,1-3
5fk7,BMA-MAN,BMA-E-3,MAN-E-8,35.15108108520508,137.04576110839844,1-3
5fk7,BMA-MAN,BMA-I-3,MAN-I-8,71.38316345214844,112.80132293701172,1-3
5fk8,BMA-MAN,BMA-I-3,MAN-I-4,69.23918151855469,112.60362243652344,1-3
5fkb,BMA-MAN,BMA-D-3,MAN-D-4,37.15736389160156,133.0072479248047,1-3
5fkb,BMA-MAN,BMA-H-3,MAN-H-4,70.2714614868164,111.64026641845703,1-3
5fkc,BMA-MAN,BMA-D-3,MAN-D-4,37.7799186706543,133.33726501464844,1-3
5fkc,BMA-MAN,BMA-H-3,MAN-H-4,69.59910583496094,111.4632797241211,1-3
5fmb,BMA-MAN,BMA-C-3,MAN-C-4,82.84058380126953,157.9789581298828,1-3
5fmb,BMA-MAN,BMA-D-3,MAN-D-4,66.65174102783203,116.05403137207031,1-3
5fmb,BMA-MAN,BMA-G-3,MAN-G-4,70.29430389404297,111.09648132324219,1-3
5fmc,BMA-MAN,BMA-G-3,MAN-G-4,70.6044921875,111.27452850341797,1-3
5fmd,BMA-MAN,BMA-G-3,MAN-G-4,69.90383911132812,112.04702758789062,1-3
5fuk,BMA-MAN,BMA-C-3,MAN-C-4,72.15415954589844,141.08184814453125,1-3
5fyj,BMA-MAN,BMA-J-3,MAN-J-4,81.02680206298828,126.29149627685547,1-3
5fyj,BMA-MAN,BMA-R-3,MAN-R-4,66.39015197753906,130.1614990234375,1-3
5fyj,BMA-MAN,BMA-X-3,MAN-X-4,64.23553466796875,87.29166412353516,1-3
5fyk,BMA-MAN,BMA-C-3,MAN-C-7,90.35798645019531,143.4991455078125,1-3
5fyk,BMA-MAN,BMA-M-3,MAN-M-4,110.29681396484375,106.97811889648438,1-3
5fyk,BMA-MAN,BMA-Q-3,MAN-Q-4,51.041603088378906,92.56825256347656,1-3
5fyl,BMA-MAN,BMA-S-3,MAN-S-4,49.454044342041016,91.31353759765625,1-3
5hbv,BMA-MAN,BMA-E-3,MAN-E-4,68.87544250488281,133.7310333251953,1-3
5hj3,BMA-MAN,BMA-Q-3,MAN-Q-4,66.726318359375,136.22471618652344,1-3
5huk,BMA-MAN,BMA-G-3,MAN-G-4,63.97654342651367,103.14176177978516,1-3
5huk,BMA-MAN,BMA-I-3,MAN-I-4,62.94139099121094,104.49889373779297,1-3
5huk,BMA-MAN,BMA-K-3,MAN-K-4,41.80131530761719,125.97667694091797,1-3
5huk,BMA-MAN,BMA-M-3,MAN-M-4,45.58897018432617,115.17495727539062,1-3
5hyi,BMA-MAN,BMA-F-3,MAN-F-7,74.74591064453125,114.92768096923828,1-3
5hyi,BMA-MAN,BMA-G-3,MAN-G-7,93.54132843017578,147.0618896484375,1-3
5i8h,BMA-MAN,BMA-U-3,MAN-U-4,66.92913055419922,93.40308380126953,1-3
5i8h,BMA-MAN,BMA-Z-3,MAN-Z-7,121.7815933227539,129.9833526611328,1-3
5ifp,BMA-MAN,BMA-B-3,MAN-B-4,68.87596130371094,108.89118194580078,1-3
5ifp,BMA-MAN,BMA-C-3,MAN-C-4,70.5300521850586,129.4312744140625,1-3
5ifp,BMA-MAN,BMA-E-3,MAN-E-4,57.431392669677734,90.95309448242188,1-3
5ift,BMA-MAN,BMA-B-3,MAN-B-4,69.0821533203125,105.89405822753906,1-3
5ift,BMA-MAN,BMA-D-3,MAN-D-4,50.590248107910156,94.99874114990234,1-3
5ihr,BMA-MAN,BMA-B-3,MAN-B-4,73.45325469970703,113.03297424316406,1-3
5ihr,BMA-MAN,BMA-C-3,MAN-C-4,72.66783142089844,134.48927307128906,1-3
5ihr,BMA-MAN,BMA-D-3,MAN-D-4,55.411094665527344,81.82850646972656,1-3
5inh,BMA-MAN,BMA-B-3,MAN-B-4,50.548336029052734,162.28175354003906,1-3
5iw3,BMA-MAN,BMA-B-3,MAN-B-7,70.41032409667969,139.87254333496094,1-3
5iw6,BMA-MAN,BMA-C-3,MAN-C-7,81.3156967163086,102.64440155029297,1-3
5j3h,BMA-MAN,BMA-G-3,MAN-G-4,75.53260803222656,142.11117553710938,1-3
5j67,BMA-MAN,BMA-E-3,MAN-E-9,68.66366577148438,123.54608917236328,1-3
5j67,BMA-MAN,BMA-F-3,MAN-F-9,68.79621887207031,108.73028564453125,1-3
5j67,BMA-MAN,BMA-G-3,MAN-G-9,68.9374008178711,118.35120391845703,1-3
5j67,BMA-MAN,BMA-H-3,MAN-H-9,63.13302993774414,134.6888427734375,1-3
5j6s,BMA-MAN,BMA-F-3,MAN-F-4,73.13741302490234,132.33998107910156,1-3
5jih,BMA-MAN,BMA-C-3,MAN-C-4,81.02088928222656,123.54012298583984,1-3
5js9,BMA-MAN,BMA-S-3,MAN-S-4,92.62120056152344,140.98826599121094,1-3
5js9,BMA-MAN,BMA-K-3,MAN-K-4,89.03221893310547,141.83384704589844,1-3
5js9,BMA-MAN,BMA-M-3,MAN-M-4,51.92438507080078,125.4558334350586,1-3
5js9,BMA-MAN,BMA-L-3,MAN-L-4,84.17939758300781,100.70616912841797,1-3
5jsa,BMA-MAN,BMA-U-3,MAN-U-4,92.61648559570312,141.00250244140625,1-3
5jsa,BMA-MAN,BMA-K-3,MAN-K-4,84.23284912109375,100.73993682861328,1-3
5ju6,BMA-MAN,BMA-E-3,MAN-E-4,79.94825744628906,132.1470489501953,1-3
5ju6,BMA-MAN,BMA-H-3,MAN-H-8,78.88911437988281,135.6704864501953,1-3
5ju6,BMA-MAN,BMA-J-3,MAN-J-4,71.51427459716797,130.22946166992188,1-3
5ju6,BMA-MAN,BMA-Q-3,MAN-Q-4,77.74842834472656,128.71678161621094,1-3
5ju6,BMA-MAN,BMA-S-3,MAN-S-4,82.26301574707031,133.55943298339844,1-3
5ju6,BMA-MAN,BMA-T-3,MAN-T-4,70.25869750976562,131.35496520996094,1-3
5ju6,BMA-MAN,BMA-V-3,MAN-V-8,76.89278411865234,123.96561431884766,1-3
5ju6,BMA-MAN,BMA-X-3,MAN-X-7,62.36105728149414,126.3966293334961,1-3
5ju6,BMA-MAN,BMA-b-3,MAN-b-4,73.74861145019531,129.13345336914062,1-3
5juv,BMA-MAN,BMA-B-3,MAN-B-4,38.366146087646484,131.7567596435547,1-3
5juv,BMA-MAN,BMA-C-3,MAN-C-4,68.72776794433594,139.7751922607422,1-3
5juv,BMA-MAN,BMA-D-3,MAN-D-4,44.41756057739258,98.55721282958984,1-3
5jyy,BMA-MAN,BMA-B-3,MAN-B-4,66.82044982910156,104.53936767578125,1-3
5kxb,BMA-MAN,BMA-E-3,MAN-E-5,65.7793197631836,115.07455444335938,1-3
5kzc,BMA-MAN,BMA-I-3,MAN-I-8,67.86528015136719,122.42857360839844,1-3
5kzc,BMA-MAN,BMA-J-3,MAN-J-8,66.6963119506836,118.90713500976562,1-3
5l0b,BMA-MAN,BMA-C-3,MAN-C-9,113.20606994628906,151.73731994628906,1-3
5l14,BMA-MAN,BMA-B-3,MAN-B-4,63.34278106689453,101.70250701904297,1-3
5l15,BMA-MAN,BMA-B-3,MAN-B-4,63.978599548339844,107.08587646484375,1-3
5l17,BMA-MAN,BMA-B-3,MAN-B-4,66.815673828125,101.95816802978516,1-3
5l18,BMA-MAN,BMA-B-3,MAN-B-4,67.7614974975586,99.98405456542969,1-3
5l2j,BMA-MAN,BMA-C-3,MAN-C-4,79.92305755615234,138.57662963867188,1-3
5l56,BMA-MAN,BMA-G-3,MAN-G-4,87.66268920898438,135.2126922607422,1-3
5ldu,BMA-MAN,BMA-C-3,MAN-C-4,75.1080322265625,119.37342834472656,1-3
5lg1,BMA-MAN,BMA-C-3,MAN-C-4,77.37472534179688,119.84667205810547,1-3
5lm8,BMA-MAN,BMA-C-3,MAN-C-4,76.08064270019531,90.74555969238281,1-3
5lvx,BMA-MAN,BMA-E-3,MAN-E-4,61.765411376953125,121.78409576416016,1-3
5lvx,BMA-MAN,BMA-G-3,MAN-G-4,73.4415512084961,140.10513305664062,1-3
5lvx,BMA-MAN,BMA-H-3,MAN-H-4,66.17491149902344,129.18408203125,1-3
5m3v,BMA-MAN,BMA-C-3,MAN-C-7,70.96372985839844,138.2261199951172,1-3
5mgc,BMA-MAN,BMA-B-3,MAN-B-4,69.16351318359375,111.36476135253906,1-3
5mgc,BMA-MAN,BMA-C-3,MAN-C-4,28.870304107666016,160.6678924560547,1-3
5mgc,BMA-MAN,BMA-D-3,MAN-D-4,49.284393310546875,91.55580139160156,1-3
5mgd,BMA-MAN,BMA-B-3,MAN-B-4,71.68872833251953,109.60081481933594,1-3
5mgd,BMA-MAN,BMA-C-3,MAN-C-4,70.93714141845703,136.3228302001953,1-3
5mgd,BMA-MAN,BMA-D-3,MAN-D-4,49.56977081298828,90.72612762451172,1-3
5mgr,BMA-MAN,BMA-C-3,MAN-C-7,72.01455688476562,137.51695251464844,1-3
5mj6,BMA-MAN,BMA-G-3,MAN-G-4,74.88221740722656,134.6177978515625,1-3
5moj,BMA-MAN,BMA-D-3,MAN-D-4,135.20794677734375,155.98223876953125,1-3
5mok,BMA-MAN,BMA-F-3,MAN-F-7,67.70635986328125,127.83831787109375,1-3
5nbs,BMA-MAN,BMA-D-3,MAN-D-4,73.9049072265625,139.51206970214844,1-3
5nbs,BMA-MAN,BMA-F-3,MAN-F-8,73.45140075683594,124.75013732910156,1-3
5nfg,BMA-MAN,BMA-C-3,MAN-C-4,72.70259857177734,107.66191101074219,1-3
5nfg,BMA-MAN,BMA-E-3,MAN-E-4,78.811279296875,115.45999145507812,1-3
5nqw,BMA-MAN,BMA-E-3,MAN-E-7,70.54063415527344,126.94254302978516,1-3
5nqw,BMA-MAN,BMA-F-3,MAN-F-7,80.4006576538086,145.17657470703125,1-3
5nsc,BMA-MAN,BMA-D-3,MAN-D-7,76.98341369628906,118.55597686767578,1-3
5nsl,BMA-MAN,BMA-D-3,MAN-D-4,72.31034088134766,106.1264877319336,1-3
5nsl,BMA-MAN,BMA-G-3,MAN-G-4,69.45082092285156,107.68927764892578,1-3
5nz4,BMA-MAN,BMA-E-3,MAN-E-4,75.7506103515625,103.40472412109375,1-3
5o47,BMA-MAN,BMA-D-3,MAN-D-4,69.94314575195312,109.58185577392578,1-3
5o47,BMA-MAN,BMA-G-3,MAN-G-4,67.99852752685547,110.3813705444336,1-3
5o4e,BMA-MAN,BMA-G-3,MAN-G-4,71.41938018798828,137.85183715820312,1-3
5o5r,BMA-MAN,BMA-E-3,MAN-E-4,78.43557739257812,106.92210388183594,1-3
5o5t,BMA-MAN,BMA-D-3,MAN-D-4,74.48310852050781,107.59483337402344,1-3
5o5u,BMA-MAN,BMA-G-3,MAN-G-4,79.1201171875,104.69544219970703,1-3
5o8f,BMA-MAN,BMA-F-3,MAN-F-7,86.76432037353516,145.97760009765625,1-3
5o8f,BMA-MAN,BMA-G-3,MAN-G-7,76.18223571777344,145.38616943359375,1-3
5o8f,BMA-MAN,BMA-H-3,MAN-H-7,82.76104736328125,144.76315307617188,1-3
5o8f,BMA-MAN,BMA-I-3,MAN-I-7,87.00828552246094,156.3791046142578,1-3
5o8f,BMA-MAN,BMA-J-3,MAN-J-7,91.68238067626953,154.15530395507812,1-3
5of0,BMA-MAN,BMA-F-3,MAN-F-4,77.9829330444336,106.05658721923828,1-3
5ojm,BMA-MAN,BMA-F-3,MAN-F-4,90.88109588623047,146.22335815429688,1-3
5ojm,BMA-MAN,BMA-H-3,MAN-H-4,80.15655517578125,120.76641082763672,1-3
5ojm,BMA-MAN,BMA-I-3,MAN-I-6,105.6535873413086,168.06097412109375,1-3
5ojm,BMA-MAN,BMA-J-3,MAN-J-6,92.98116302490234,146.50494384765625,1-3
5qj3,BMA-MAN,BMA-F-3,MAN-F-4,47.55438995361328,95.41705322265625,1-3
5qj3,BMA-MAN,BMA-H-3,MAN-H-4,42.206825256347656,94.772216796875,1-3
5t3s,BMA-MAN,BMA-P-3,MAN-P-4,68.9502182006836,97.56581115722656,1-3
5t3z,BMA-MAN,BMA-S-3,MAN-S-4,69.08880615234375,91.14106750488281,1-3
5tps,BMA-MAN,BMA-D-3,MAN-D-7,78.3811264038086,128.2808380126953,1-3
5u7m,BMA-MAN,BMA-O-3,MAN-O-4,54.555389404296875,95.71550750732422,1-3
5u7o,BMA-MAN,BMA-F-3,MAN-F-4,90.82049560546875,137.5321807861328,1-3
5u7o,BMA-MAN,BMA-M-3,MAN-M-4,75.76730346679688,154.28421020507812,1-3
5u7o,BMA-MAN,BMA-P-3,MAN-P-4,57.78459930419922,93.5464096069336,1-3
5ubx,BMA-MAN,BMA-D-3,MAN-D-4,70.94192504882812,130.92889404296875,1-3
5ubx,BMA-MAN,BMA-C-2,MAN-C-3,87.42207336425781,138.02943420410156,1-3
5uem,BMA-MAN,BMA-C-3,MAN-C-4,73.44107818603516,109.92603302001953,1-3
5um8,BMA-MAN,BMA-P-3,MAN-P-4,66.76783752441406,97.24927520751953,1-3
5uph,BMA-MAN,BMA-J-3,MAN-J-4,83.77728271484375,145.0096435546875,1-3
5uqy,BMA-MAN,BMA-S-3,MAN-S-4,71.58577728271484,114.12133026123047,1-3
5utf,BMA-MAN,BMA-I-3,MAN-I-4,78.6224365234375,146.89984130859375,1-3
5uty,BMA-MAN,BMA-A-3,MAN-A-6,60.682308197021484,126.44432830810547,1-3
5uty,BMA-MAN,BMA-F-3,MAN-F-4,89.78543090820312,141.3846435546875,1-3
5uty,BMA-MAN,BMA-P-3,MAN-P-4,72.2776870727539,90.16909790039062,1-3
5v4e,BMA-MAN,BMA-I-3,MAN-I-4,87.8568115234375,119.41280364990234,1-3
5v4e,BMA-MAN,BMA-M-3,MAN-M-4,61.70714569091797,106.6642837524414,1-3
5v7j,BMA-MAN,BMA-O-3,MAN-O-4,64.96351623535156,94.868408203125,1-3
5vaa,BMA-MAN,BMA-C-3,MAN-C-7,67.9778823852539,132.80735778808594,1-3
5vaa,BMA-MAN,BMA-D-3,MAN-D-7,70.68508911132812,134.2061767578125,1-3
5ven,BMA-MAN,BMA-C-3,MAN-C-4,64.20439147949219,118.03092193603516,1-3
5ven,BMA-MAN,BMA-G-3,MAN-G-4,69.65762329101562,99.26953887939453,1-3
5veo,BMA-MAN,BMA-C-3,MAN-C-4,69.95598602294922,140.40208435058594,1-3
5vgj,BMA-MAN,BMA-A-3,MAN-A-7,92.72396087646484,86.82450866699219,1-3
5vgj,BMA-MAN,BMA-B-3,MAN-B-7,73.1339340209961,142.00921630859375,1-3
5vgp,BMA-MAN,BMA-C-3,MAN-C-7,77.88912200927734,126.9178466796875,1-3
5vgp,BMA-MAN,BMA-D-3,MAN-D-4,70.1240005493164,130.62278747558594,1-3
5vod,BMA-MAN,BMA-I-3,MAN-I-4,72.85172271728516,119.35088348388672,1-3
5vod,BMA-MAN,BMA-M-3,MAN-M-4,148.2366485595703,127.86151123046875,1-3
5vtq,BMA-MAN,BMA-N-3,MAN-N-4,66.40666198730469,135.09078979492188,1-3
5vtw,BMA-MAN,BMA-M-3,MAN-M-4,72.8124008178711,143.72048950195312,1-3
5vty,BMA-MAN,BMA-J-3,MAN-J-4,143.68832397460938,159.31410217285156,1-3
5vtz,BMA-MAN,BMA-L-3,MAN-L-4,76.50154113769531,149.32276916503906,1-3
5vu0,BMA-MAN,BMA-D-3,MAN-D-7,72.48614501953125,120.5691909790039,1-3
5vu0,BMA-MAN,BMA-E-3,MAN-E-7,76.83653259277344,132.63790893554688,1-3
5vu4,BMA-MAN,BMA-J-3,MAN-J-4,74.1992416381836,153.35647583007812,1-3
5w26,BMA-MAN,BMA-B-3,MAN-B-4,67.90401458740234,101.7418212890625,1-3
5w2u,BMA-MAN,BMA-B-3,MAN-B-4,63.054832458496094,103.58329010009766,1-3
5w2w,BMA-MAN,BMA-B-3,MAN-B-4,69.98808288574219,101.55188751220703,1-3
5w2y,BMA-MAN,BMA-B-3,MAN-B-4,65.98868560791016,106.77078247070312,1-3
5w5l,BMA-MAN,BMA-D-3,MAN-D-7,75.70074462890625,128.397216796875,1-3
5w5m,BMA-MAN,BMA-C-3,MAN-C-7,71.17202758789062,119.30957794189453,1-3
5w5m,BMA-MAN,BMA-D-3,MAN-D-7,84.27348327636719,127.56742858886719,1-3
5w5n,BMA-MAN,BMA-D-3,MAN-D-7,77.37706756591797,122.87509155273438,1-3
5w6d,BMA-MAN,BMA-A-3,MAN-A-4,72.36317443847656,94.24817657470703,1-3
5wke,BMA-MAN,BMA-D-3,MAN-D-4,75.3644027709961,145.65602111816406,1-3
5wkg,BMA-MAN,BMA-C-3,MAN-C-4,79.02748107910156,141.10365295410156,1-3
5wl1,BMA-MAN,BMA-E-3,MAN-E-4,77.41575622558594,143.48765563964844,1-3
5wyx,BMA-MAN,BMA-E-3,MAN-E-4,157.48423767089844,-166.1062774658203,1-3
5xje,BMA-MAN,BMA-D-3,MAN-D-7,70.32056427001953,119.8454818725586,1-3
5xje,BMA-MAN,BMA-E-3,MAN-E-7,73.50636291503906,122.21080017089844,1-3
5xjf,BMA-MAN,BMA-D-3,MAN-D-7,74.33866882324219,107.35401153564453,1-3
5xjf,BMA-MAN,BMA-E-3,MAN-E-7,74.5114974975586,117.99476623535156,1-3
5xmh,BMA-MAN,BMA-E-3,MAN-E-4,80.59068298339844,124.38169860839844,1-3
5xwd,BMA-MAN,BMA-B-3,MAN-B-4,76.25155639648438,110.38079071044922,1-3
5yc5,BMA-MAN,BMA-E-3,MAN-E-4,77.39570617675781,130.70167541503906,1-3
6aq5,BMA-MAN,BMA-D-3,MAN-D-5,62.02477264404297,107.92959594726562,1-3
6aq6,BMA-MAN,BMA-D-3,MAN-D-5,67.13751220703125,111.84597778320312,1-3
6b9o,BMA-MAN,BMA-C-3,MAN-C-4,82.6486587524414,119.05632781982422,1-3
6b9o,BMA-MAN,BMA-E-3,MAN-E-4,75.7535400390625,118.75453186035156,1-3
6b9p,BMA-MAN,BMA-C-3,MAN-C-4,80.41098022460938,124.96495819091797,1-3
6b9p,BMA-MAN,BMA-E-3,MAN-E-4,78.67771911621094,118.82669067382812,1-3
6bkm,BMA-MAN,BMA-L-3,MAN-L-4,64.29425048828125,132.54795837402344,1-3
6bkq,BMA-MAN,BMA-N-3,MAN-N-4,69.41248321533203,140.04759216308594,1-3
6br5,BMA-MAN,BMA-C-3,MAN-C-4,66.47926330566406,105.38169860839844,1-3
6br6,BMA-MAN,BMA-B-3,MAN-B-4,63.762027740478516,108.17359924316406,1-3
6ch8,BMA-MAN,BMA-V-3,MAN-V-8,85.82235717773438,-5.053145885467529,1-3
6chf,BMA-MAN,BMA-C-3,MAN-C-4,76.91092681884766,129.1277618408203,1-3
6cjc,BMA-MAN,BMA-D-3,MAN-D-4,106.45662689208984,145.44082641601562,1-3
6ck9,BMA-MAN,BMA-N-3,MAN-N-4,55.55880355834961,95.89215850830078,1-3
6crd,BMA-MAN,BMA-I-3,MAN-I-4,70.0385513305664,100.9343032836914,1-3
6crd,BMA-MAN,BMA-Q-3,MAN-Q-4,77.25849151611328,112.03545379638672,1-3
6crd,BMA-MAN,BMA-Z-3,MAN-Z-4,70.3066635131836,98.12699890136719,1-3
6d3b,BMA-MAN,BMA-B-3,MAN-B-4,76.9466552734375,94.53663635253906,1-3
6d4m,BMA-MAN,BMA-C-3,MAN-C-4,75.1763687133789,127.43161010742188,1-3
6d4n,BMA-MAN,BMA-C-3,MAN-C-4,75.670654296875,127.32707214355469,1-3
6d64,BMA-MAN,BMA-C-3,MAN-C-4,83.09113311767578,141.44424438476562,1-3
6de7,BMA-MAN,BMA-U-3,MAN-U-4,59.77069854736328,93.15657806396484,1-3
6dld,BMA-MAN,BMA-E-3,MAN-E-4,90.25375366210938,149.9029998779297,1-3
6dru,BMA-MAN,BMA-C-3,MAN-C-4,66.34475708007812,105.80203247070312,1-3
6dru,BMA-MAN,BMA-D-3,MAN-D-4,72.9864273071289,112.56529235839844,1-3
6dru,BMA-MAN,BMA-E-3,MAN-E-4,84.00843811035156,143.31320190429688,1-3
6dru,BMA-MAN,BMA-H-3,MAN-H-4,57.211212158203125,126.92823791503906,1-3
6dru,BMA-MAN,BMA-I-3,MAN-I-4,83.81116485595703,155.767333984375,1-3
6e4x,BMA-MAN,BMA-A-3,MAN-A-4,61.13652420043945,133.75689697265625,1-3
6ea4,BMA-MAN,BMA-C-3,MAN-C-4,57.27043914794922,129.40609741210938,1-3
6eaq,BMA-MAN,BMA-D-3,MAN-D-7,95.09083557128906,114.00439453125,1-3
6eaq,BMA-MAN,BMA-E-3,MAN-E-7,76.2437744140625,125.8956069946289,1-3
6eay,BMA-MAN,BMA-C-3,MAN-C-4,-9.97793197631836,142.73770141601562,1-3
6eg0,BMA-MAN,BMA-F-3,MAN-F-4,88.1177749633789,121.02800750732422,1-3
6eg1,BMA-MAN,BMA-F-3,MAN-F-4,74.02973937988281,137.58206176757812,1-3
6ety,BMA-MAN,BMA-E-3,MAN-E-4,73.60928344726562,104.10369110107422,1-3
6eyo,BMA-MAN,BMA-C-3,MAN-C-4,109.05982971191406,132.45672607421875,1-3
6ez9,BMA-MAN,BMA-E-3,MAN-E-4,72.8084487915039,107.39372253417969,1-3
6f2z,BMA-MAN,BMA-D-3,MAN-D-7,71.69551849365234,122.51239776611328,1-3
6f5l,BMA-MAN,BMA-E-3,MAN-E-4,76.84342193603516,103.91943359375,1-3
6fat,BMA-MAN,BMA-G-3,MAN-G-4,68.54258728027344,129.53286743164062,1-3
6fat,BMA-MAN,BMA-H-3,MAN-H-4,84.73555755615234,154.94601440429688,1-3
6fb3,BMA-MAN,BMA-K-3,MAN-K-4,68.49589538574219,119.96744537353516,1-3
6fb3,BMA-MAN,BMA-Q-3,MAN-Q-4,68.60155487060547,119.83599853515625,1-3
6fb3,BMA-MAN,BMA-W-3,MAN-W-4,68.07929992675781,120.69534301757812,1-3
6fe5,BMA-MAN,BMA-E-3,MAN-E-4,78.01194763183594,105.4079360961914,1-3
6fgo,BMA-MAN,BMA-I-3,MAN-I-4,86.61595916748047,89.82733917236328,1-3
6fgo,BMA-MAN,BMA-K-3,MAN-K-4,60.55252456665039,143.6358184814453,1-3
6fje,BMA-MAN,BMA-C-3,MAN-C-4,84.319091796875,154.74072265625,1-3
6fje,BMA-MAN,BMA-D-3,MAN-D-4,68.97265625,112.0950927734375,1-3
6fje,BMA-MAN,BMA-G-3,MAN-G-4,69.1214370727539,113.8393325805664,1-3
6fk7,BMA-MAN,BMA-B-3,MAN-B-4,75.65980529785156,144.01266479492188,1-3
6fka,BMA-MAN,BMA-B-3,MAN-B-4,78.51634979248047,140.39463806152344,1-3
6fkc,BMA-MAN,BMA-B-3,MAN-B-4,74.88896942138672,138.74099731445312,1-3
6fkd,BMA-MAN,BMA-B-3,MAN-B-4,78.82149505615234,142.23324584960938,1-3
6g01,BMA-MAN,BMA-F-3,MAN-F-4,77.66162109375,105.13912200927734,1-3
6gfe,BMA-MAN,BMA-A-3,MAN-A-6,87.94701385498047,109.98816680908203,1-3
6gfe,BMA-MAN,BMA-B-3,MAN-B-6,85.63640594482422,111.14508056640625,1-3
6h7y,BMA-MAN,BMA-E-3,MAN-E-4,71.79397583007812,102.35538482666016,1-3
6h7z,BMA-MAN,BMA-G-3,MAN-G-4,70.16118621826172,107.00447082519531,1-3
6hcx,BMA-MAN,BMA-B-3,MAN-B-4,68.81243133544922,100.00091552734375,1-3
6heb,BMA-MAN,BMA-D-3,MAN-D-4,72.52194213867188,99.01575469970703,1-3
6hfc,BMA-MAN,BMA-B-3,MAN-B-4,74.26512908935547,99.53734588623047,1-3
6hg0,BMA-MAN,BMA-B-3,MAN-B-4,70.3398666381836,96.73779296875,1-3
6hg5,BMA-MAN,BMA-F-3,MAN-F-7,67.111083984375,137.06153869628906,1-3
6hgb,BMA-MAN,BMA-G-3,MAN-G-4,76.22602844238281,136.13909912109375,1-3
6hkj,BMA-MAN,BMA-D-3,MAN-D-4,66.00518798828125,106.5208969116211,1-3
6ibr,BMA-MAN,BMA-F-3,MAN-F-4,115.61984252929688,149.91285705566406,1-3
6ibt,BMA-MAN,BMA-E-3,MAN-E-4,125.84292602539062,158.36196899414062,1-3
6ieq,BMA-MAN,BMA-P-3,MAN-P-4,61.80398941040039,79.97604370117188,1-3
6ifj,BMA-MAN,BMA-E-3,MAN-E-6,70.21988677978516,117.50284576416016,1-3
6ifj,BMA-MAN,BMA-F-3,MAN-F-6,69.98703002929688,118.95600128173828,1-3
6iqg,BMA-MAN,BMA-E-3,MAN-E-4,68.42467498779297,150.49964904785156,1-3
6iqg,BMA-MAN,BMA-F-3,MAN-F-4,71.78140258789062,122.01667022705078,1-3
6iuj,BMA-MAN,BMA-D-3,MAN-D-4,83.33798217773438,150.21624755859375,1-3
6jbs,BMA-MAN,BMA-I-3,MAN-I-4,73.52986145019531,128.92501831054688,1-3
6jbs,BMA-MAN,BMA-L-3,MAN-L-4,72.63169860839844,124.93780517578125,1-3
6jbs,BMA-MAN,BMA-O-3,MAN-O-4,69.61357879638672,124.86932373046875,1-3
6kj0,BMA-MAN,BMA-G-3,MAN-G-4,65.13665771484375,141.77737426757812,1-3
6krl,BMA-MAN,BMA-B-3,MAN-B-4,74.18083953857422,135.58511352539062,1-3
6krn,BMA-MAN,BMA-D-3,MAN-D-4,80.52981567382812,132.1718292236328,1-3
6kya,BMA-MAN,BMA-E-3,MAN-E-4,160.44361877441406,176.48770141601562,1-3
6lxj,BMA-MAN,BMA-I-3,MAN-I-4,68.91610717773438,101.41740417480469,1-3
6lxj,BMA-MAN,BMA-P-3,MAN-P-4,68.88719177246094,101.42402648925781,1-3
6lxj,BMA-MAN,BMA-R-3,MAN-R-4,68.93844604492188,101.42195129394531,1-3
6lxj,BMA-MAN,BMA-T-3,MAN-T-4,68.91525268554688,101.36373901367188,1-3
6mam,BMA-MAN,BMA-M-3,MAN-M-4,115.21416473388672,-99.99913787841797,1-3
6mam,BMA-MAN,BMA-N-3,MAN-N-4,89.87704467773438,-168.09877014160156,1-3
6mam,BMA-MAN,BMA-O-3,MAN-O-4,135.32154846191406,-45.597694396972656,1-3
6mco,BMA-MAN,BMA-F-3,MAN-F-7,74.82584381103516,88.98210906982422,1-3
6mcx,BMA-MAN,BMA-B-3,MAN-B-4,61.12077331542969,104.60274505615234,1-3
6mj3,BMA-MAN,BMA-G-3,MAN-G-4,99.32939910888672,126.82158660888672,1-3
6mj3,BMA-MAN,BMA-H-3,MAN-H-4,114.98928833007812,123.17237091064453,1-3
6mj3,BMA-MAN,BMA-I-3,MAN-I-4,108.3763427734375,153.0122528076172,1-3
6mj3,BMA-MAN,BMA-J-3,MAN-J-4,113.39576721191406,142.33811950683594,1-3
6msu,BMA-MAN,BMA-F-3,MAN-F-6,105.57732391357422,174.73846435546875,1-3
6mtj,BMA-MAN,BMA-A-3,MAN-A-6,73.12818145751953,113.27622985839844,1-3
6mtj,BMA-MAN,BMA-K-3,MAN-K-4,61.32828140258789,94.04391479492188,1-3
6mtn,BMA-MAN,BMA-C-3,MAN-C-6,73.75045776367188,121.98944854736328,1-3
6mtn,BMA-MAN,BMA-M-3,MAN-M-4,56.63512420654297,87.87158203125,1-3
6mu6,BMA-MAN,BMA-M-3,MAN-M-4,52.60809326171875,94.57438659667969,1-3
6mu7,BMA-MAN,BMA-A-3,MAN-A-6,75.42679595947266,118.48208618164062,1-3
6mu7,BMA-MAN,BMA-K-3,MAN-K-4,61.2585334777832,92.68311309814453,1-3
6mu8,BMA-MAN,BMA-A-3,MAN-A-6,75.80368041992188,121.76367950439453,1-3
6mu8,BMA-MAN,BMA-K-3,MAN-K-4,53.97207260131836,83.77464294433594,1-3
6muf,BMA-MAN,BMA-I-3,MAN-I-4,57.541534423828125,88.25564575195312,1-3
6n4d,BMA-MAN,BMA-F-3,MAN-F-4,62.698726654052734,103.88172149658203,1-3
6n4d,BMA-MAN,BMA-H-3,MAN-H-4,67.12352752685547,104.88700866699219,1-3
6n4d,BMA-MAN,BMA-J-3,MAN-J-4,66.8042984008789,104.43946075439453,1-3
6n4d,BMA-MAN,BMA-L-3,MAN-L-4,63.60547637939453,101.3398666381836,1-3
6n6b,BMA-MAN,BMA-B-3,MAN-B-4,62.33586502075195,112.44754791259766,1-3
6n9t,BMA-MAN,BMA-C-3,MAN-C-6,54.50606918334961,128.7381134033203,1-3
6n9t,BMA-MAN,BMA-D-3,MAN-D-6,57.7482795715332,142.43853759765625,1-3
6nm6,BMA-MAN,BMA-A-3,MAN-A-6,75.23429870605469,116.69766998291016,1-3
6nm6,BMA-MAN,BMA-O-3,MAN-O-4,56.98366928100586,86.75627136230469,1-3
6nnf,BMA-MAN,BMA-O-3,MAN-O-4,55.223873138427734,87.85810852050781,1-3
6nnj,BMA-MAN,BMA-A-3,MAN-A-6,76.89987182617188,110.42627716064453,1-3
6nnj,BMA-MAN,BMA-N-3,MAN-N-4,58.02980041503906,92.92340850830078,1-3
6ofd,BMA-MAN,BMA-G-3,MAN-G-4,54.16334533691406,104.42064666748047,1-3
6oj1,BMA-MAN,BMA-B-3,MAN-B-4,57.00004959106445,99.46524810791016,1-3
6ojb,BMA-MAN,BMA-B-3,MAN-B-4,50.65095901489258,94.74544525146484,1-3
6om1,BMA-MAN,BMA-J-3,MAN-J-4,73.93012237548828,153.24098205566406,1-3
6om1,BMA-MAN,BMA-K-3,MAN-K-4,53.533206939697266,146.96778869628906,1-3
6osr,BMA-MAN,BMA-G-3,MAN-G-4,86.24014282226562,134.496337890625,1-3
6p6d,BMA-MAN,BMA-C-3,MAN-C-4,74.97080993652344,133.16050720214844,1-3
6p7y,BMA-MAN,BMA-I-3,MAN-I-4,126.73876190185547,172.0196533203125,1-3
6p91,BMA-MAN,BMA-B-3,MAN-B-4,77.57886505126953,127.77327728271484,1-3
6pkg,BMA-MAN,BMA-C-3,MAN-C-4,70.87242126464844,90.71300506591797,1-3
6pxh,BMA-MAN,BMA-J-3,MAN-J-4,76.03567504882812,110.20832824707031,1-3
6pxh,BMA-MAN,BMA-O-3,MAN-O-4,82.15652465820312,141.064453125,1-3
6pze,BMA-MAN,BMA-B-3,MAN-B-4,69.98268127441406,100.80195617675781,1-3
6pzf,BMA-MAN,BMA-C-3,MAN-C-4,69.89191436767578,109.90105438232422,1-3
6pzf,BMA-MAN,BMA-D-3,MAN-D-4,67.23362731933594,103.37652587890625,1-3
6q1z,BMA-MAN,BMA-E-3,MAN-E-4,53.34004592895508,105.9102783203125,1-3
6q1z,BMA-MAN,BMA-G-3,MAN-G-4,63.36553192138672,120.79754638671875,1-3
6q7i,BMA-MAN,BMA-C-3,MAN-C-9,80.99253845214844,117.51795959472656,1-3
6q7i,BMA-MAN,BMA-E-3,MAN-E-9,64.5110855102539,111.29462432861328,1-3
6q7j,BMA-MAN,BMA-C-3,MAN-C-9,67.1059341430664,125.47899627685547,1-3
6q7j,BMA-MAN,BMA-E-3,MAN-E-8,71.866943359375,114.70127868652344,1-3
6qp8,BMA-MAN,BMA-F-3,MAN-F-8,78.86825561523438,134.4220428466797,1-3
6rbc,BMA-MAN,BMA-D-3,MAN-D-4,72.40535736083984,110.16699981689453,1-3
6s1x,BMA-MAN,BMA-E-3,MAN-E-4,74.86222839355469,108.2131118774414,1-3
6s2g,BMA-MAN,BMA-F-3,MAN-F-4,61.203033447265625,114.03604888916016,1-3
6s2h,BMA-MAN,BMA-G-3,MAN-G-4,71.09175109863281,108.28401184082031,1-3
6s3z,BMA-MAN,BMA-D-3,MAN-D-4,68.1990737915039,112.47704315185547,1-3
6s3z,BMA-MAN,BMA-G-3,MAN-G-4,70.09355163574219,112.5449447631836,1-3
6s82,BMA-MAN,BMA-D-3,MAN-D-4,65.636962890625,115.01789855957031,1-3
6s82,BMA-MAN,BMA-G-3,MAN-G-4,72.35346221923828,114.58143615722656,1-3
6sgp,BMA-MAN,BMA-G-3,MAN-G-4,76.32926940917969,105.61503601074219,1-3
6ske,BMA-MAN,BMA-K-3,MAN-K-4,68.4705581665039,121.75030517578125,1-3
6skh,BMA-MAN,BMA-F-3,MAN-F-4,75.98462677001953,108.18524932861328,1-3
6smc,BMA-MAN,BMA-H-3,MAN-H-4,119.32841491699219,122.13771057128906,1-3
6sz6,BMA-MAN,BMA-E-3,MAN-E-4,128.7744903564453,169.0894317626953,1-3
6tcv,BMA-MAN,BMA-A-3,MAN-A-4,74.56459045410156,144.8893585205078,1-3
6tva,BMA-MAN,BMA-I-3,MAN-I-4,69.22354888916016,116.96382904052734,1-3
6tyb,BMA-MAN,BMA-K-3,MAN-K-4,67.67312622070312,139.55880737304688,1-3
6ugx,BMA-MAN,BMA-C-3,MAN-C-4,70.99383544921875,122.31051635742188,1-3
6uqc,BMA-MAN,BMA-B-3,MAN-B-4,75.71656036376953,125.603515625,1-3
6uqc,BMA-MAN,BMA-G-3,MAN-G-4,73.313720703125,121.48613739013672,1-3
6uqc,BMA-MAN,BMA-H-3,MAN-H-4,70.5801773071289,129.41278076171875,1-3
6utk,BMA-MAN,BMA-K-3,MAN-K-4,75.88890075683594,110.36287689208984,1-3
6uuh,BMA-MAN,BMA-G-3,MAN-G-4,72.91093444824219,124.88896942138672,1-3
6v44,BMA-MAN,BMA-G-3,MAN-G-4,79.18280792236328,151.8699188232422,1-3
6v44,BMA-MAN,BMA-H-3,MAN-H-4,83.16679382324219,150.22560119628906,1-3
6v44,BMA-MAN,BMA-I-3,MAN-I-4,80.72919464111328,146.33168029785156,1-3
6vep,BMA-MAN,BMA-i-3,MAN-i-4,105.86241912841797,163.6221466064453,1-3
6vld,BMA-MAN,BMA-C-3,MAN-C-4,70.90140533447266,144.4200897216797,1-3
6vld,BMA-MAN,BMA-D-3,MAN-D-4,75.80803680419922,135.7483367919922,1-3
6vld,BMA-MAN,BMA-E-3,MAN-E-4,81.860595703125,124.00550079345703,1-3
6vld,BMA-MAN,BMA-F-3,MAN-F-4,83.29796600341797,115.36143493652344,1-3
6vsl,BMA-MAN,BMA-C-3,MAN-C-7,79.88525390625,123.33856201171875,1-3
6vzi,BMA-MAN,BMA-A-3,MAN-A-6,63.297298431396484,126.74882507324219,1-3
6vzi,BMA-MAN,BMA-J-3,MAN-J-4,48.617095947265625,91.90583801269531,1-3
6w03,BMA-MAN,BMA-P-3,MAN-P-4,60.2442626953125,86.99942779541016,1-3
6w3h,BMA-MAN,BMA-E-3,MAN-E-4,66.38677978515625,123.71427917480469,1-3
6wix,BMA-MAN,BMA-A-3,MAN-A-6,66.88318634033203,120.63241577148438,1-3
6wix,BMA-MAN,BMA-K-3,MAN-K-4,51.39739990234375,104.81658935546875,1-3
6wj1,BMA-MAN,BMA-N-3,MAN-N-4,99.42993927001953,165.96539306640625,1-3
6wml,BMA-MAN,BMA-K-3,MAN-K-4,82.94757080078125,113.8016586303711,1-3
6wml,BMA-MAN,BMA-P-3,MAN-P-4,65.59886932373047,133.19129943847656,1-3
6wrx,BMA-MAN,BMA-H-3,MAN-H-4,88.24907684326172,133.4095916748047,1-3
6wy0,BMA-MAN,BMA-C-3,MAN-C-4,66.27479553222656,93.02891540527344,1-3
6wy0,BMA-MAN,BMA-K-3,MAN-K-4,59.20381546020508,91.74729919433594,1-3
6wy0,BMA-MAN,BMA-M-3,MAN-M-4,63.49787902832031,89.92373657226562,1-3
6wy0,BMA-MAN,BMA-N-3,MAN-N-4,60.04845428466797,87.34171295166016,1-3
6wy5,BMA-MAN,BMA-F-3,MAN-F-4,85.58522033691406,81.54413604736328,1-3
6wy5,BMA-MAN,BMA-H-3,MAN-H-4,89.0051040649414,83.47635650634766,1-3
6wy7,BMA-MAN,BMA-C-3,MAN-C-4,62.241024017333984,96.84713745117188,1-3
6wy7,BMA-MAN,BMA-F-3,MAN-F-4,60.795570373535156,94.76822662353516,1-3
6x4g,BMA-MAN,BMA-D-3,MAN-D-4,98.4577407836914,163.83062744140625,1-3
6x5r,BMA-MAN,BMA-E-3,MAN-E-4,79.08879089355469,120.2918930053711,1-3
6x5r,BMA-MAN,BMA-F-3,MAN-F-4,70.45081329345703,123.36973571777344,1-3
6x5s,BMA-MAN,BMA-E-3,MAN-E-4,78.95667266845703,122.0719223022461,1-3
6x5s,BMA-MAN,BMA-F-3,MAN-F-4,66.07740020751953,127.0274658203125,1-3
6x5u,BMA-MAN,BMA-I-3,MAN-I-4,78.18900299072266,132.86676025390625,1-3
6x5u,BMA-MAN,BMA-K-3,MAN-K-4,76.97281646728516,132.02342224121094,1-3
6x5u,BMA-MAN,BMA-J-2,MAN-J-3,82.40830993652344,110.09940338134766,1-3
6x5u,BMA-MAN,BMA-L-2,MAN-L-3,62.37430953979492,122.91645050048828,1-3
6x5u,BMA-MAN,BMA-M-2,MAN-M-3,63.89577865600586,114.40921020507812,1-3
6x5u,BMA-MAN,BMA-N-2,MAN-N-3,78.08348846435547,117.36920928955078,1-3
6x5u,BMA-MAN,BMA-P-3,MAN-P-4,84.1710205078125,134.16314697265625,1-3
6z30,BMA-MAN,BMA-B-3,MAN-B-6,81.64287567138672,141.47515869140625,1-3
6z7b,BMA-MAN,BMA-D-3,MAN-D-4,62.07527542114258,123.7288589477539,1-3
6z7c,BMA-MAN,BMA-B-3,MAN-B-4,71.92323303222656,158.5485076904297,1-3
6zjz,BMA-MAN,BMA-E-3,MAN-E-4,74.1998062133789,131.42868041992188,1-3
7auw,BMA-MAN,BMA-E-3,MAN-E-4,88.66046905517578,148.48171997070312,1-3
7auw,BMA-MAN,BMA-G-3,MAN-G-4,106.61087799072266,177.18215942382812,1-3
7auw,BMA-MAN,BMA-J-3,MAN-J-4,60.50778579711914,104.10572814941406,1-3
7auw,BMA-MAN,BMA-R-3,MAN-R-4,60.842987060546875,103.89073944091797,1-3
7crf,BMA-MAN,BMA-C-3,MAN-C-4,51.47087097167969,129.8905792236328,1-3
7crf,BMA-MAN,BMA-E-3,MAN-E-4,136.03138732910156,-35.06491470336914,1-3
7kmd,BMA-MAN,BMA-B-3,MAN-B-8,58.3251953125,132.5493927001953,1-3
7kmd,BMA-MAN,BMA-I-3,MAN-I-4,32.77128219604492,130.89999389648438,1-3
7lag,BMA-MAN,BMA-J-3,MAN-J-4,65.32484436035156,117.31439971923828,1-3
7lag,BMA-MAN,BMA-K-3,MAN-K-4,54.306480407714844,99.83602905273438,1-3
7lag,BMA-MAN,BMA-M-3,MAN-M-4,66.02342987060547,97.72366333007812,1-3
7lan,BMA-MAN,BMA-J-3,MAN-J-4,70.98450469970703,97.46619415283203,1-3
7lan,BMA-MAN,BMA-L-3,MAN-L-4,64.28843688964844,96.34424591064453,1-3
7lan,BMA-MAN,BMA-N-3,MAN-N-4,65.9832534790039,97.77289581298828,1-3
7lan,BMA-MAN,BMA-O-3,MAN-O-4,64.7049789428711,96.02384948730469,1-3
7lbl,BMA-MAN,BMA-D-3,MAN-D-7,73.95280456542969,125.22309875488281,1-3
7lf5,BMA-MAN,BMA-C-3,MAN-C-7,109.76837921142578,137.68406677246094,1-3
